symbol,time,exchange,ceiling_price,floor_price,reference_price,open_price,high_price,low_price,close_price,average_price,volume_accumulated,total_value,price_change,percent_change,bid_price_1,bid_vol_1,bid_price_2,bid_vol_2,bid_price_3,bid_vol_3,ask_price_1,ask_vol_1,ask_price_2,ask_vol_2,ask_price_3,ask_vol_3,foreign_buy_volume,foreign_sell_volume,foreign_room
ACB,1790651987603,HOSE,22550,19650,21100,21100,21200,21100,21150,21145,1117700,23634060000,50,0.23696682464454977,21100.0,125200,21050,189100,21000,304300,21150.0,18400,21200,166700,21250,72900,120100,296085,373126919
BID,1790651990006,HOSE,38250,33250,35750,35750,35850,35400,35800,35635,528900,18847435000,50,0.13986013986013987,35750.0,25100,35700,1500,35650,1500,35800.0,13400,35850,13800,35900,14700,61900,180700,971000639
BSR,1790651989114,HOSE,34650,30150,32400,32700,32700,32100,32200,32360,3054300,98836915000,-200,-0.6172839506172839,32200.0,53300,32150,55600,32100,130300,32250.0,600,32300,44700,32350,11500,55400,591600,2372919291
CTG,1790651989111,HOSE,31900,27800,29850,29950,30050,29800,29900,29915,2117300,63340065000,50,0.16750418760469013,29850.0,56400,29800,146100,29750,158800,29900.0,104200,29950,100000,30000,166300,134200,487681,425570066
FPT,1790651991232,HOSE,68100,59300,63700,63700,64100,63300,63800,63719,736500,46928930000,100,0.15698587127158556,63700.0,6800,63600,15400,63500,14800,63800.0,7700,63900,34900,64000,73700,132935,170876,352199879
GAS,1790651976228,HOSE,89300,77700,83500,84000,84800,83500,84400,84113,356100,29952810000,900,1.0778443113772456,84300.0,2200,84200,3800,84100,7200,84400.0,600,84500,3400,84600,2800,113500,66470,1130937942
GVR,1790651991519,HOSE,34450,29950,32200,32400,33450,32400,33050,32966,1199500,39542890000,850,2.639751552795031,33000.0,58000,32950,10200,32900,8800,33050.0,3700,33100,6500,33150,19600,0,8900,-22829196
HDB,1790651987894,HOSE,29400,25600,27500,27500,27600,27350,27450,27479,2250300,61836915000,-50,-0.18181818181818182,27400.0,24300,27350,348700,27300,213400,27450.0,7900,27500,257000,27550,273700,224700,55819,255464508
HPG,1790651991214,HOSE,21600,18800,20200,20200,20400,20150,20150,20237,6646200,134500465000,-50,-0.24752475247524752,20150.0,691400,20100,618000,20050,501900,20200.0,229600,20250,647800,20300,250700,344900,2004657,2306723302
LPB,1790651989099,HOSE,48650,42350,45500,45550,45700,43950,44600,44474,1297100,57687530000,-900,-1.9780219780219779,44600.0,7700,44550,800,44500,4700,44650.0,18100,44700,27000,44750,11800,308300,94200,103977623
MBB,1790651991204,HOSE,21150,18450,19800,19750,19800,19700,19800,19756,1000700,19770255000,0,0.0,19750.0,87200,19700,227300,19650,312000,19800.0,412900,19850,159000,19900,170400,164678,143370,94977145
MCH,1790651977387,HOSE,147600,128400,138000,138100,139000,136100,136400,136760,108600,14852120000,-1600,-1.1594202898550725,136400.0,1300,136300,6400,136200,14000,136500.0,200,137000,1800,137200,1000,7108,32000,1097783960
MSN,1790651990914,HOSE,73800,64200,69000,68600,69500,68500,69000,68876,756500,52104490000,0,0.0,68900.0,20600,68800,17300,68700,14200,69000.0,23400,69100,1200,69200,5100,84700,90297,1163172732
MWG,1790651984897,HOSE,77000,67000,72000,72000,72200,71600,71800,71913,316500,22760380000,-200,-0.2777777777777778,71800.0,2200,71700,26900,71600,33500,71900.0,39100,72000,44800,72100,8000,150200,150831,0
SAB,1790651977099,HOSE,46350,40350,43350,43400,43600,43200,43300,43270,182600,7901030000,-50,-0.11534025374855825,43300.0,1500,43250,1700,43200,2700,43350.0,4700,43400,4100,43450,200,22450,28400,527883198
SHB,1790651985195,HOSE,12300,10700,11500,11500,11550,11400,11450,11471,2794600,32056045000,-50,-0.43478260869565216,11400.0,1391700,11350,3497100,11300,4193000,11450.0,324300,11500,1112600,11550,1398600,118751,117300,1390244660
SSB,1790651989403,HOSE,20150,17550,18850,19250,19300,18850,18900,19076,585700,11172820000,50,0.2652519893899204,18900.0,23400,18850,29700,18800,19000,19000.0,16300,19050,1800,19100,11200,134600,198900,1010725515
SSI,1790651991491,HOSE,21550,18750,20150,20150,20350,19950,20250,20140,5296400,106669595000,100,0.49627791563275436,20200.0,263100,20150,154100,20100,157200,20250.0,44200,20300,214800,20350,142700,254293,183494,2102022518
STB,1790651958219,HOSE,82600,71800,77200,77500,77700,77200,77600,77550,161600,12532040000,400,0.5181347150259068,77600.0,2400,77500,4300,77400,2000,77800.0,54400,77900,37000,78000,227300,60500,51500,364103574
TCB,1790651990900,HOSE,35100,30600,32850,32550,32800,32550,32600,32642,2422000,79059375000,-250,-0.76103500761035,32550.0,376000,32500,304200,32450,399700,32600.0,76400,32650,109700,32700,78500,35800,409297,125632476
TCX,1790651991217,HOSE,31150,27150,29150,29150,29500,29050,29100,29217,717200,20954445000,-50,-0.17152658662092624,29100.0,10900,29050,34300,29000,100200,29150.0,32500,29200,20300,29250,8300,54830,304300,2537222888
VCB,1790651991498,HOSE,62300,54300,58300,58300,58400,58100,58300,58217,466300,27146650000,0,0.0,58300.0,70900,58200,69400,58100,82700,58400.0,97100,58500,56400,58600,37600,13000,205300,839741103
VHM,1790651991515,HOSE,74300,64700,69500,69700,70500,69500,69900,69975,1695000,118606850000,400,0.5755395683453237,69900.0,41100,69800,31400,69700,108000,70000.0,103300,70100,114700,70200,71100,85015,294387,3578557972
VIB,1790651988495,HOSE,14050,12250,13150,13250,13350,13150,13300,13266,1087300,14423915000,150,1.1406844106463878,13300.0,7700,13250,80200,13200,200300,13350.0,145900,13400,199700,13450,107000,623400,16600,51337147
VIC,1790651983696,HOSE,248100,215700,231900,232000,232100,230100,231700,231212,167200,38658640000,-200,-0.086244070720138,231700.0,1700,231600,1500,231500,200,231800.0,2100,231900,2000,232000,7500,32940,53200,3487432228
VJC,1790651989708,HOSE,142200,123600,132900,133000,134500,132300,134000,133303,379300,50561750000,1100,0.8276899924755455,134000.0,2800,133900,1900,133800,1600,134200.0,300,134300,4800,134400,3500,69200,23062,183338429
VNM,1790651985504,HOSE,64500,56100,60300,60400,60500,59800,59900,60120,324400,19502930000,-400,-0.6633499170812603,59900.0,10900,59800,32400,59700,41900,60000.0,5200,60100,2000,60200,27700,98735,140196,1047967104
VPB,1790651990591,HOSE,24550,21350,22950,23000,23000,22700,22900,22810,2058100,46945875000,-50,-0.2178649237472767,22850.0,40000,22800,140700,22750,113000,22900.0,99100,22950,90600,23000,350600,49600,999581,588301085
VPL,1790651991512,HOSE,85600,74400,80000,79800,80000,78800,79100,79312,44200,3505610000,-900,-1.125,79100.0,3500,79000,8600,78900,100,79500.0,3800,79600,300,79900,5100,3900,16100,797283996
VRE,1790651991219,HOSE,26100,22700,24400,24200,24550,24200,24350,24343,497400,12108285000,-50,-0.20491803278688525,24350.0,1600,24300,51900,24250,61400,24400.0,32600,24450,29700,24500,52400,42600,171900,884163650
VIX,1790651991192,HOSE,13250,11550,12400,12350,12500,12200,12450,12344,6552000,80877660000,50,0.4032258064516129,12450.0,426500,12400,316300,12350,297300,12500.0,693000,12550,606900,12600,487900,665500,362564,2414703001
HCM,1790651991508,HOSE,25550,22250,23900,23800,24100,23550,23850,23820,766400,18255650000,-50,-0.20920502092050208,23800.0,43100,23750,20000,23700,18600,23850.0,23200,23900,139400,23950,19100,71000,56100,153143490
VND,1790651989413,HOSE,14850,12950,13900,13850,14100,13850,14050,13951,2542200,35465095000,150,1.079136690647482,14000.0,114300,13950,184600,13900,225700,14100.0,201000,14150,118900,14200,123600,292810,51400,1408455541
SHS,1790651991493,HNX,14500,11900,13200,13200,13400,12700,13300,13193,2028200,26757610000,100,0.7575757575757576,13200.0,145200,13100,459100,13000,1121800,13300.0,68500,13400,311000,13500,479500,63600,17200,360826878
PVS,1790651990291,HNX,36700,30100,33400,33100,33900,33000,33600,33668,1287000,43330200000,200,0.5988023952095809,33600.0,47100,33500,55500,33400,44000,33700.0,32800,33800,101800,33900,175500,16700,30200,169640783
DIG,1790651987309,HOSE,9870,8590,9230,9230,9500,9210,9400,9309,1739100,16189969000,170,1.8418201516793065,9390.0,500,9370,1000,9360,1300,9400.0,19700,9420,5000,9430,6300,164700,29600,370814483
KDH,1790651990617,HOSE,16350,14250,15300,15250,15300,15100,15250,15204,856200,13017540000,-50,-0.32679738562091504,15200.0,47500,15150,63700,15100,62700,15250.0,1600,15300,34700,15350,41200,177900,36650,297083397
DXG,1790651984895,HOSE,10900,9490,10200,10150,10200,10050,10050,10109,1075200,10868875000,-150,-1.4705882352941175,10050.0,269700,10000,1069400,9990,211400,10100.0,23000,10150,25100,10200,187200,22000,95100,434912024
NVL,1790651991234,HOSE,11800,10300,11050,10300,10300,10300,10300,10300,13670000,140801000000,-750,-6.787330316742081,,0,0,0,0,0,10300.0,64794400,10350,65400,10400,12900,981840,975600,1080342736
HSG,1790651980991,HOSE,10600,9220,9910,9910,9980,9910,9920,9923,439800,4364303000,10,0.10090817356205853,9920.0,14600,9910,38800,9900,100800,9930.0,26500,9940,34400,9950,82300,41600,26800,370086502
GEG,1790651970483,HOSE,12750,11150,11950,11950,11950,11850,11900,11915,20200,240675000,-50,-0.41841004184100417,11900.0,100,11850,2200,11800,13900,11950.0,7500,12000,10200,12050,2500,0,5100,22113560
CTD,1790651988493,HOSE,63500,55300,59400,59400,59600,59100,59600,59338,45800,2717700000,200,0.33670033670033667,59500.0,1400,59400,1100,59300,500,59700.0,300,59800,1100,59900,700,6500,2200,3818879
DGC,1790651990019,HOSE,39100,34000,36550,36600,36600,36150,36300,36354,104500,3798945000,-250,-0.6839945280437756,36300.0,6300,36250,15700,36200,62500,36350.0,3500,36400,600,36450,700,1000,34800,174052767
PHR,1790651981910,HOSE,34100,29700,31900,31900,32700,31850,32400,32216,299000,9632520000,500,1.5673981191222568,32350.0,2100,32300,9300,32250,8400,32400.0,2800,32450,900,32500,2500,0,62900,-13797760
FRT,1790651991514,HOSE,149800,130200,140000,139000,141500,139000,141400,140673,108400,15248960000,1400,1.0,141200.0,1700,141100,1200,141000,3600,141400.0,1000,141500,2600,141600,2400,39900,28500,28720837
