Date,Open,High,Low,Close,Volume
2026-08-03 07:00:00,1880.76,1920.01,1872.07,1917.69,295253284
2026-08-04 07:00:00,1919.84,1927.35,1910.97,1927.35,232528773
2026-08-05 07:00:00,1936.59,1941.4,1912.45,1916.88,256526132
2026-08-06 07:00:00,1923.49,1923.49,1901.3,1902.79,195022762
2026-08-07 07:00:00,1901.64,1916.14,1894.06,1911.09,268480686
2026-08-10 07:00:00,1916.34,1933.73,1899.64,1925.18,305649738
2026-08-11 07:00:00,1928.29,1938.94,1920.22,1922.53,217020374
2026-08-12 07:00:00,1924.31,1944.59,1919.58,1936.46,192702926
2026-08-13 07:00:00,1939.41,1944.4,1909.23,1909.23,289858008
2026-08-14 07:00:00,1907.07,1909.23,1868.27,1876.81,265895343
2026-08-17 07:00:00,1875.43,1885.29,1868.97,1877.68,187118946
2026-08-18 07:00:00,1879.51,1894.83,1866.45,1876.14,215330975
2026-08-19 07:00:00,1876.72,1878.75,1864.16,1875.73,170760161
2026-08-20 07:00:00,1883.05,1896.2,1875.73,1887.06,161633435
2026-08-21 07:00:00,1885.84,1927.79,1877.05,1927.79,283752696
2026-08-24 07:00:00,1947.91,1952.13,1927.79,1942.0,256440735
2026-08-25 07:00:00,1944.09,1958.81,1932.33,1936.15,260516349
2026-08-26 07:00:00,1935.55,1970.01,1934.62,1970.01,292355104
2026-08-27 07:00:00,1969.75,1984.09,1967.92,1979.23,231380275
2026-08-28 07:00:00,1981.0,1992.15,1971.18,1982.96,285273354
2026-09-03 07:00:00,1971.4,1982.96,1949.93,1961.57,245347502
2026-09-04 07:00:00,1964.43,1989.54,1961.57,1984.89,227785032
2026-09-07 07:00:00,1988.56,2000.42,1963.01,1963.01,210083849
2026-09-08 07:00:00,1961.28,1970.4,1956.95,1968.52,156257116
2026-09-09 07:00:00,1973.14,1984.72,1966.06,1967.64,224945647
2026-09-10 07:00:00,1964.97,1982.68,1958.78,1976.82,182146313
2026-09-11 07:00:00,1967.8,1976.82,1936.69,1936.69,273319720
2026-09-14 07:00:00,1936.19,1942.79,1916.84,1928.57,265371923
2026-09-15 07:00:00,1936.12,1951.58,1928.57,1951.14,244005413
2026-09-16 07:00:00,1952.23,1955.74,1941.82,1954.29,195700955
2026-09-17 07:00:00,1945.19,1978.53,1942.89,1975.01,292957873
2026-09-18 07:00:00,1986.03,1997.37,1964.17,1964.17,399017981
2026-09-21 07:00:00,1978.22,1978.22,1932.61,1953.26,279697137
2026-09-22 07:00:00,1951.73,1968.55,1942.9,1965.36,155265123
2026-09-23 07:00:00,1965.94,1974.17,1954.17,1954.91,223285757
2026-09-24 07:00:00,1955.45,1955.45,1930.59,1932.15,231013744
2026-09-25 07:00:00,1931.42,1951.57,1928.0,1938.5,233504449
2026-09-28 07:00:00,1941.82,1942.19,1911.74,1922.42,244005815
2026-09-29 07:00:00,1922.42,1925.99,1914.05,1919.83,49365503
